det_z_score,det_spread,side,dte,bucket,det_dist_std,det_dist_count,det_fut_ltq,det_oi_fut,det_ltq,det_fut_ba,det_eq_ba,klass,pred_klass,pred_dur,pred_rev
2.6426207961988624,1.2435450104675556,1,9,0,0.3136440953730754,21497.0,125,5928250,4963.0,10.099999999999454,22.449999999999818,reversion,divergence,11281.13,-0.43443435724121576
-2.017132163902508,-0.2408033254453524,-1,8,0,0.2983722972688759,18188.0,1500,5923500,4730.0,7.949999999999818,5.0,reversion,reversion,977.8155607466366,-0.007072402071290579
-2.2362764053559028,-0.4202556265629341,-1,3,0,0.3427262705839564,33880.0,1250,5236750,5837.0,9.949999999999818,8.949999999999818,reversion,divergence,2353.534251943404,-0.27882855006320206
-2.4772221067604616,0.0022222716060303,-1,18,0,0.2301384555656083,15299.0,6875,9782375,5382.0,6.850000000000364,4.399999999999636,reversion,reversion,2579.8868945403797,0.7755027371260246
-2.714735830724982,-0.044241369306646,-1,18,0,0.224489798354174,11473.0,1002,7523250,1.0,45.399999999999636,5.899999999999636,divergence,divergence,3801.679233115418,-0.1539903361158948
